task,cnn_random_train_samples,cnn_random_train_unique_shots,cnn_random_val_samples,cnn_random_val_unique_shots,lstm_random_train_samples,lstm_random_train_unique_shots,lstm_random_val_samples,lstm_random_val_unique_shots,cnn_temporal_train_samples,cnn_temporal_train_unique_shots,cnn_temporal_val_samples,cnn_temporal_val_unique_shots,lstm_temporal_train_samples,lstm_temporal_train_unique_shots,lstm_temporal_val_samples,lstm_temporal_val_unique_shots
task_1-1,,,,,,,,,,,,,,,,
task_1-2,,,,,,,,,,,,,,,,
task_1-3,,,,,,,,,,,,,,,,
task_2-1,,,,,,,,,,,,,,,,
task_2-2,,,,,,,,,,,,,,,,
task_2-3,,,,,,,,,,,,,,,,
task_3-1,,,,,,,,,,,,,,,,
task_3-2,,,,,,,,,,,,,,,,
task_3-3,,,,,,,,,,,,,,,,
task_4-1,,,,,,,,,,,,,,,,
task_4-2,,,,,,,,,,,,,,,,
task_4-3,,,,,,,,,,,,,,,,
task_4-4,,,,,,,,,,,,,,,,
task_4-5,,,,,,,,,,,,,,,,
